src,dest,ret_count,tot_count
RI,PA,886,1144
IA,CA,2518,3795
CO,ID,1566,2053
NJ,TN,2469,3360
MA,WI,908,1203
WY,PA,106,144
MA,VA,4467,5855
IN,LA,1297,1846
MS,FL,4996,7242
IA,MS,313,421
NY,WI,1593,2164
UT,MT,1110,1788
NJ,MO,1452,1851
IL,CO,5473,7228
MI,VT,256,331
WV,LA,171,222
CT,AZ,857,1149
AR,DE,58,77
IL,IA,9459,13099
NJ,WV,566,686
VT,OK,24,30
DE,AR,47,54
OK,NJ,432,619
NM,NE,114,154
ND,VT,9,13
IL,WY,376,509
MT,KY,76,105
IA,NV,436,591
AZ,WV,153,183
CT,MD,2339,2931
OH,AZ,3624,4855
NH,MI,343,460
VA,SC,9177,12073
KY,SC,2147,2932
NV,ID,656,862
CT,DE,579,718
IA,NY,1119,1564
NC,MO,3051,4010
NC,WV,2748,3495
IA,FL,3361,4868
MO,NV,1138,1548
AZ,TN,1497,1972
TN,NM,760,1029
KS,AL,676,871
KS,OH,1328,1836
TX,CO,17676,24156
IA,GA,1249,1716
TX,ME,926,1244
WY,RI,7,13
LA,TX,21361,31551
NY,OR,1009,1320
UT,CA,9742,14988
KS,ND,221,301
GA,AL,18942,27712
RI,RI,1220,1792
IL,KY,7533,9930
MI,CA,7788,11605
ND,NV,87,111
FL,IN,4209,5752
MN,GA,2943,3952
DE,OK,69,92
NY,VA,11952,15634
ME,MO,174,217
DE,WA,147,192
NE,NM,187,250
ND,CA,434,616
IN,NJ,1694,2358
WV,NJ,431,627
ME,WV,74,96
MN,CT,745,946
MD,CA,7297,10407
CA,PA,6462,8649
SC,RI,285,382
IA,OR,351,472
VA,ND,165,235
FL,PA,10017,13884
WY,NY,120,177
NE,IL,3014,4051
MS,AZ,361,517
DC,SD,47,61
RI,SD,12,13
DE,DE,1410,2002
IL,IL,70389,100533
MS,OK,460,615
WV,KS,63,93
MN,ME,315,416
VA,OH,6139,8266
MN,CO,3607,4726
MD,GA,4434,5919
FL,RI,1092,1422
CT,NH,1861,2437
WY,SD,741,967
MN,DC,1027,1288
TN,LA,4298,6211
WV,TX,748,1029
MT,TX,783,1156
SD,CT,40,57
NM,SC,153,181
AZ,MO,1699,2241
IN,DE,259,327
CT,MT,55,72
ME,NH,1927,2654
MS,ID,59,85
UT,CT,187,266
IL,MA,4166,5484
ME,MT,25,36
OH,NH,568,737
CO,NV,3193,4264
WA,SC,642,846
OK,WI,401,550
TX,KS,6321,8305
NH,WV,70,89
RI,DC,267,327
MD,CO,2121,2731
ID,RI,16,18
DC,MI,211,274
LA,RI,89,112
MI,CO,2415,3317
ID,CO,1122,1510
MI,IA,1492,1956
KY,AL,3144,4473
OH,MT,367,486
CT,NV,316,420
SD,ME,18,22
NJ,KY,995,1261
MI,ME,433,601
ID,IA,139,189
NM,ND,52,85
NH,MO,277,363
NH,SC,375,489
MD,WY,94,121
WI,MN,12079,16014
DE,NH,61,78
WI,MS,567,768
SD,DC,108,126
MI,WY,174,217
OR,ND,84,105
TN,NJ,1912,2661
NC,NH,660,848
NE,KS,3823,5215
VT,WV,45,52
MD,FL,10893,15503
TX,IL,17898,24217
WY,NE,339,430
SD,SD,5067,7107
RI,NE,38,54
NJ,CO,1552,2033
AL,MT,141,199
OK,IN,694,922
NJ,IA,389,508
IA,WY,243,321
SD,NY,207,274
KY,ND,69,91
NV,TN,499,685
TX,IN,5407,7337
UT,LA,485,658
WI,NY,3028,4176
MI,NJ,2263,3128
MS,TN,7185,10230
DC,NJ,701,910
ND,IL,405,541
LA,NY,1480,2082
MT,OH,174,232
ME,SD,27,31
OR,AL,221,292
WA,ND,230,284
MS,WV,77,104
OK,IA,622,882
IN,VA,2568,3480
IN,OR,611,832
MT,MN,407,528
WI,FL,6040,8704
MA,WV,216,271
MT,ND,456,629
MN,KS,1947,2503
IN,WY,175,250
WV,RI,28,34
ND,NJ,52,75
IA,MA,457,611
MO,NM,682,913
OH,NV,1890,2541
CT,ID,61,82
AR,LA,3195,4750
MI,IL,19740,26715
MI,MA,2283,3038
LA,NE,186,244
VA,AR,783,1023
NJ,TX,5830,7893
VA,WA,2347,3192
IL,OH,13957,18604
IL,MN,9809,13225
UT,NJ,516,685
IL,MS,1765,2443
FL,WA,3652,5166
MA,MO,1017,1241
MD,IL,3781,4892
TX,SC,4664,6345
MD,MA,3096,4084
WA,AL,480,618
NE,PA,602,805
ND,KS,121,164
MS,MO,1185,1669
UT,IL,1559,2060
RI,DE,83,100
ID,NE,181,235
WY,DE,9,10
AR,MI,364,516
NE,NC,553,761
KY,UT,363,507
IL,DC,2445,3024
FL,AL,14088,19663
DE,NJ,1402,1945
OH,LA,2303,3148
OR,AZ,2065,2742
TX,NE,2723,3572
UT,WI,412,576
ME,VT,727,933
AL,IL,2476,3346
MD,SC,3483,4530
ID,SC,129,185
NV,KY,223,282
CT,TN,988,1267
VT,TX,321,409
WV,UT,73,102
DC,VA,2281,3081
SC,CT,715,939
MT,WA,1615,2172
NJ,OH,3911,5214
TX,NY,15925,22440
NJ,MS,248,313
PA,MS,677,877
NH,SD,29,35
DC,CO,470,613
ND,PA,126,169
AL,NJ,803,1103
ND,WI,333,464
ND,VA,119,144
MD,ND,68,90
WV,DE,131,166
TN,DC,1319,1663
CA,FL,16101,22785
OR,MD,369,481
NJ,CT,4494,6075
IN,MO,4797,6348
WI,IN,4430,5924
NH,UT,134,169
NM,NJ,141,196
IL,AZ,5143,6821
IN,WV,965,1284
IL,OK,2120,2854
ID,AL,108,141
TX,WA,7223,10083
KY,VT,103,133
PA,FL,16333,23203
KY,CA,2771,4167
NC,TN,14798,20498
AZ,VT,91,119
OK,MN,552,708
OH,KS,1378,1806
NJ,GA,4184,5502
MT,AZ,582,820
MO,PA,2567,3473
SC,NY,3925,5444
SC,FL,14235,21324
PA,GA,6534,8926
LA,KS,319,418
DC,IA,162,272
TN,NC,10509,14944
DC,RI,90,112
NE,WA,462,669
NM,LA,275,361
MI,OH,17799,25065
ID,OH,282,350
NC,VT,426,532
WI,MD,1141,1632
UT,OR,1387,1926
NH,DC,316,400
AZ,MT,481,642
ID,ND,135,191
OH,NJ,5230,7368
VA,MT,334,481
ND,RI,9,11
ND,IN,111,153
TN,IA,876,1162
WI,OK,820,1098
TN,OR,750,1087
CO,NM,5101,7048
TX,RI,739,984
IL,GA,8464,11402
MT,NE,121,153
MT,NC,159,226
IN,MA,1563,2068
WY,AL,37,46
FL,DE,914,1197
NM,SD,60,93
LA,WA,479,658
MT,NY,203,295
AZ,OK,1109,1461
VT,AR,18,24
IA,WV,96,124
WV,NE,40,58
WI,AZ,1965,2602
PA,MN,2152,2781
KS,NV,534,679
UT,IN,435,600
OR,ID,1992,2634
AR,TN,5099,6963
OR,OK,223,279
NV,ME,55,66
NV,CO,1431,1995
KS,CA,3627,5416
NE,NE,13330,18375
IA,WI,3219,4459
NH,AR,83,119
PA,CA,10179,14733
AL,LA,6130,8941
IL,NC,5757,7745
NJ,MN,1303,1695
DE,LA,193,257
DE,MI,180,249
NE,NY,827,1162
CA,VT,348,436
NV,IA,167,220
SC,OH,2895,3966
AL,NM,562,813
SD,IN,186,259
TX,OK,26810,37723
MT,DE,7,7
OK,MS,948,1225
GA,NM,641,859
OK,NH,72,99
AZ,NV,5968,8296
NV,TX,2479,3610
NM,CA,2821,4299
CA,WI,2475,3231
MO,CT,519,669
WY,ID,469,603
AL,IN,1375,1818
PA,OR,901,1178
OK,AL,1140,1579
GA,IA,1050,1372
NC,NV,1792,2439
AR,VA,829,1107
PA,WY,214,286
SC,ME,418,583
OK,NC,837,1108
MT,CT,30,39
WY,MD,68,94
VT,MI,91,132
WI,WA,1135,1546
WI,WY,222,276
CO,IA,1773,2363
SD,KS,444,617
TN,VA,6420,8964
IA,IN,1842,2497
NC,ID,334,440
NH,IA,87,103
NE,RI,72,85
VA,OK,1064,1412
TN,WI,1582,2250
MO,TX,9166,13136
AR,NJ,462,628
VT,KY,64,88
CT,NM,105,152
TX,PA,9989,13778
PA,UT,1171,1593
TN,PA,3917,5355
CA,UT,8491,11251
TX,ND,983,1296
VT,NM,32,48
WV,SD,24,36
MD,KS,319,409
WV,VA,3219,4671
OK,OR,316,450
OK,VA,1003,1348
ND,LA,72,93
WI,CT,451,602
AL,CA,3471,5337
OR,MN,701,941
AL,NV,519,670
FL,NY,18544,26768
ND,NM,69,83
NM,AL,190,250
LA,CT,131,166
IA,IL,9253,12706
RI,UT,54,69
OR,MS,126,171
DC,LA,436,605
MD,ME,631,835
OH,VT,393,492
NE,IN,723,985
WY,WA,167,262
SD,WA,165,235
WI,GA,3005,4155
IN,WI,3367,4705
SC,NE,288,378
WV,PA,3559,5071
CA,NY,15680,21583
MI,KY,6035,8036
FL,NE,954,1305
SC,NV,655,891
IN,NE,690,900
NJ,MT,103,139
WI,IL,17908,24361
IL,SD,1024,1398
IA,VA,771,1006
OH,NM,630,874
MN,PA,2573,3457
SC,CA,3884,5924
LA,NJ,510,687
NJ,VT,1072,1377
FL,VT,557,750
CO,AR,753,994
WI,NJ,1301,1914
NM,ID,131,154
AR,SC,444,585
NY,AL,1290,1738
MA,AL,619,799
AL,MI,860,1222
OR,LA,380,479
MO,DE,148,201
NY,CT,9972,13081
MO,MT,258,328
GA,PA,6411,8811
WA,WA,37213,52138
IA,MN,7881,10594
AL,AR,1528,2098
RI,CO,157,203
CO,WA,4152,5760
OK,UT,491,660
IL,ME,554,742
IA,OH,1443,1984
NH,ID,44,69
AZ,DE,228,268
CA,CA,294218,445030
MO,NH,192,228
NE,SD,2068,2784
LA,IL,1504,2046
OH,MI,15351,22210
SD,WI,459,666
VT,AZ,103,138
VA,MD,16692,22786
AR,MO,6565,9028
GA,OH,6229,8614
MN,RI,223,285
WY,FL,305,462
AR,WV,96,125
WY,WI,47,57
GA,ND,184,245
NH,OK,114,147
OR,NJ,441,583
NJ,CA,8497,11928
TX,SD,911,1156
AR,ND,63,100
WA,AZ,4043,5298
KS,OR,404,539
OR,MA,680,889
TX,NC,9736,13238
WY,OR,91,110
SD,VA,210,287
IN,UT,667,936
SD,PA,151,207
VA,IN,2507,3420
UT,VA,981,1317
NJ,NV,952,1290
CT,SC,1045,1358
WY,WY,4866,7462
WY,VA,118,144
WA,OK,624,811
MD,OH,3695,4852
CO,OK,2330,3154
MD,PA,15055,20314
TN,SD,276,397
MT,LA,118,163
WI,TX,5109,7297
ME,TN,363,489
ID,VT,21,24
OR,IL,1514,1939
NH,AZ,348,434
MS,NE,165,222
NE,DC,304,384
SD,RI,10,12
NY,ME,2457,3227
FL,FL,257311,407189
ID,CA,3605,5601
TX,DC,4294,5532
OR,KS,191,237
MN,NY,3793,5181
NE,UT,470,636
OH,TN,12325,16503
ID,NV,1100,1474
NE,LA,387,511
VT,MD,212,264
UT,IA,352,484
MT,NJ,129,180
AR,AL,2190,2940
DE,TN,353,475
IA,CT,244,314
MN,SD,4565,6222
FL,WI,2545,3561
MS,AR,2389,3591
OK,CA,3045,4531
MD,RI,576,718
DE,WV,174,217
RI,IA,39,58
WV,VT,36,42
MD,CT,1681,2200
DE,MO,149,195
FL,WY,439,634
NE,NJ,389,516
VT,MT,15,19
CA,VA,6874,8980
TN,UT,1003,1437
PA,CO,2908,3910
MI,CT,853,1138
VT,NH,970,1233
TX,LA,32886,46474
MS,WA,241,348
KY,WV,1726,2520
FL,OR,1508,2061
IA,NE,5792,7827
GA,NY,9872,13593
IA,SD,1798,2414
IA,NC,1231,1618
FL,VA,13788,18765
VA,WI,1207,1593
ID,CT,59,81
CT,AL,343,447
KY,MO,2505,3266
MN,NE,2874,3688
MT,KS,90,117
WA,KS,514,641
LA,IN,438,583
FL,MA,6943,9552
FL,IL,12033,16635
CA,IL,13530,17581
IA,AZ,1234,1687
NV,MT,235,360
MI,WA,1407,1944
UT,DC,412,483
NH,NV,173,230
ND,UT,111,138
WV,FL,1509,2097
MS,MT,58,89
LA,IA,235,318
GA,AZ,3309,4443
SC,IL,2914,4021
OK,CO,2645,3504
OK,WY,385,524
AR,AR,22687,33866
IL,IN,18838,25689
TN,CA,6876,10424
GA,OK,1569,2158
NM,MO,468,592
PA,IA,931,1226
IN,OH,14397,20527
KS,MI,810,1164
MD,NY,10452,14112
NJ,ME,1107,1476
VA,OR,879,1150
ID,FL,793,1091
ND,SD,1393,1948
LA,WI,297,394
MI,NY,5654,7746
SC,NM,310,425
CO,MT,1776,2556
WI,VA,1678,2240
MI,SD,326,402
IL,KS,2994,4003
LA,PA,886,1218
WY,IL,200,268
TX,NJ,6845,9490
CA,IA,1293,1643
UT,SD,228,319
RI,MA,2483,3344
WY,MA,65,81
FL,IA,1359,1767
WI,WI,28832,40002
OK,GA,1435,1992
MN,WA,1839,2506
CA,CO,11751,15473
NM,TN,343,457
NM,WV,31,43
PA,ME,1410,1906
SC,KY,2372,3312
IA,DC,379,473
MT,VA,208,295
WY,SC,29,36
WV,OR,65,89
NE,FL,1954,2832
NJ,IL,5283,6819
NC,NM,630,864
UT,UT,14799,20930
MT,WI,97,122
WV,CO,292,373
VT,ID,10,10
OK,ME,85,114
NV,VT,24,28
WV,WY,32,46
MT,PA,155,204
MD,WA,1209,1620
MN,DE,138,174
AR,OK,4855,6825
MT,RI,19,25
OK,FL,3085,4342
ND,DC,60,66
ID,ME,48,70
NH,VT,1389,1766
MS,DE,40,51
IA,UT,396,526
MO,ID,297,403
KS,AR,1923,2617
IN,AL,2853,3874
LA,VA,1293,1714
MD,NE,325,394
WI,RI,212,265
UT,NC,750,1004
NH,TN,456,588
GA,WA,2545,3505
RI,KS,31,45
MT,IN,109,142
CA,KY,1774,2282
ME,IA,64,82
PA,KY,3220,4357
MI,DC,1159,1466
GA,MD,4282,5703
NV,CA,17153,27772
WI,NC,2170,2922
PA,TX,9381,13311
ID,IL,631,826
TX,FL,33463,48109
NC,AR,1589,2120
LA,NC,1266,1732
SC,IN,1513,2106
NY,SC,4004,5203
DC,VT,85,113
AZ,NM,5042,6949
CA,TX,25396,34912
WI,NE,1219,1584
MN,MD,1243,1584
NJ,KS,364,517
NV,NV,5109,7360
IA,DE,70,97
NE,VA,723,1051
NE,WI,876,1245
MS,NV,249,340
AZ,LA,1105,1482
IA,MD,499,626
AZ,MI,1062,1444
AL,SD,153,204
MN,AL,779,1051
AZ,AR,551,790
RI,OH,331,450
GA,NH,517,690
OK,MA,486,699
NE,WY,546,762
OK,IL,2055,2695
AZ,NJ,1278,1730
IL,RI,549,738
IN,AZ,1705,2311
LA,DC,616,776
OR,NC,771,1058
SD,MD,104,161
NE,OR,274,351
TX,WI,3583,4989
MD,DE,2426,3114
MO,VT,127,159
WY,ND,148,199
MI,KS,750,989
ID,KS,160,204
NV,CT,113,136
CO,ME,328,415
DE,SD,23,28
NH,CO,438,592
WI,DC,669,808
KY,AR,807,1078
DC,CA,1870,2490
RI,MN,138,175
RI,ND,7,7
TX,DE,750,1046
GA,AR,2146,3001
AL,PA,1564,2164
CO,MN,2838,3760
AL,WI,515,724
NH,MS,71,97
DE,VA,2120,2958
NH,MN,291,380
ME,OR,118,160
IL,MT,441,602
CA,ID,2734,3534
CO,CA,17998,26962
IL,NH,469,592
IA,OK,862,1219
WI,OR,717,976
CO,MS,480,636
AL,VA,3531,4833
NC,CO,3627,4806
NH,CA,1413,1993
KS,NJ,628,847
NE,MD,336,459
WA,CA,21075,31282
NE,NH,79,101
AZ,NY,2997,4201
KY,IA,478,670
NJ,DE,2343,2920
NH,GA,690,912
NY,VT,3455,4410
OH,RI,579,750
SD,SC,87,120
NM,WY,114,169
WY,WV,15,22
VA,LA,2493,3508
CO,FL,7843,11081
CO,GA,2915,3970
MI,AZ,2779,4011
ID,AZ,930,1270
RI,SC,220,289
VA,MI,1896,2528
NH,FL,2162,3047
VA,KY,2845,3816
NV,ND,61,76
NM,CO,3483,4721
CA,MA,6495,8474
CO,NY,4323,5875
NV,OH,549,754
NV,MS,118,159
IL,NV,2292,3113
KS,TX,7097,10531
NV,MN,429,580
MA,VT,3114,3895
VT,SD,10,13
SC,KS,395,535
KY,ME,175,221
DE,RI,96,126
NE,MA,319,418
NJ,RI,1642,2028
VT,TN,151,192
RI,NY,2313,3393
UT,FL,2425,3495
CA,MS,954,1266
NJ,PA,20704,28419
CT,VT,1617,2094
DC,FL,1894,2586
CA,OH,4951,6355
NJ,VA,9843,13131
OH,UT,1510,1993
CA,MN,4255,5418
MA,IA,356,458
FL,MS,4569,6247
SD,FL,570,798
VA,NH,697,907
NJ,ND,54,64
PA,OH,18009,25144
VA,MO,2432,3165
TN,WY,230,326
WV,MA,243,351
UT,MS,151,199
DC,CT,240,306
NJ,IN,1594,2086
KS,NH,74,86
SC,PA,3324,4563
RI,AL,81,113
UT,MN,709,924
NH,KY,189,240
VA,WV,3904,5203
MO,TN,6500,8631
WA,MI,787,1016
CO,MI,1605,2261
NH,NM,70,87
WV,IL,519,690
TX,OR,3417,4617
RI,MS,41,50
GA,MT,385,531
TN,ME,510,718
SC,WI,846,1170
NY,ND,115,145
TN,CO,2772,3775
AL,DC,721,900
CT,UT,347,462
MD,MD,22696,31314
TX,WY,1299,1731
VA,TN,7210,9502
CO,LA,1691,2229
CO,KY,1089,1461
NM,AR,162,213
KS,KY,840,1131
MI,NE,838,1047
ID,NY,451,624
OH,IN,18639,25921
MI,NC,4121,5537
CT,WI,424,537
SC,WA,981,1423
CA,OR,12035,15927
CT,RI,2158,2779
AR,IA,453,593
KS,LA,908,1258
WY,MI,41,55
SD,NE,2005,2648
IL,DE,459,636
CA,WY,774,1020
KS,NM,491,661
UT,MA,856,1161
ND,NE,288,348
MO,SD,723,980
CT,PA,5450,7417
ME,CO,229,308
ND,NC,102,144
VT,OH,208,268
KY,GA,4609,6251
WV,AL,272,365
AZ,CT,494,652
CT,VA,3156,4212
DC,NE,87,105
ND,OK,166,196
DE,WY,12,17
ID,WA,4030,5983
NV,SC,232,321
OH,PA,20437,29095
CO,CT,600,763
TN,MN,1628,2190
TN,MS,6918,10032
NE,AL,275,363
TX,MD,5530,7276
KS,IL,3994,5295
DE,IA,46,58
OH,WI,3996,5769
AL,OR,355,474
NC,ME,940,1285
WA,NV,2227,2946
PA,IL,8142,10851
KY,CO,1050,1418
AL,IA,415,555
OH,VA,9166,12395
DC,UT,135,175
KY,OR,298,401
PA,MA,8182,11085
TN,NH,314,417
TX,NH,763,947
VA,ME,861,1177
VT,CT,558,759
TN,MD,1978,2604
KY,WY,88,122
FL,MI,4085,5752
MS,NJ,310,442
MA,AR,301,377
SC,NC,28151,41965
PA,SD,279,355
MO,VA,2425,3205
RI,WA,96,124
OR,DE,51,58
CA,GA,6522,8640
ME,CT,1268,1669
NY,AR,652,858
NV,IL,1167,1630
LA,AL,5950,8140
UT,WY,1782,2678
AZ,VA,1804,2361
NV,NJ,471,661
NC,CA,11914,17551
LA,MS,7901,11242
NC,MN,2543,3340
ME,MS,63,97
AZ,PA,1758,2398
KS,SD,523,723
MT,SC,69,120
LA,NH,55,70
DE,VT,41,45
NM,IA,93,120
NY,NV,1531,2061
VA,NJ,7396,10154
VT,DC,131,163
OK,ID,150,204
NV,AL,217,307
NY,CA,13499,18940
MA,CA,7843,10923
MA,NV,715,931
KY,KY,24075,35463
OK,OK,27814,40177
WI,MI,3597,4908
LA,MI,370,516
ME,MA,5281,7350
WY,MO,137,182
KY,LA,975,1311
UT,MO,774,1037
UT,WV,66,81
TN,FL,16986,25125
OK,AZ,1230,1592
TN,GA,19383,27980
VT,NE,16,20
NM,ME,49,82
WV,ID,22,28
IA,NH,79,93
LA,AR,2890,4196
DC,OH,592,793
KY,MA,786,1057
OR,KY,229,286
AL,NC,3798,5341
FL,SC,12844,17380
MI,DE,304,386
MS,CT,97,126
WA,WY,477,606
ND,NH,10,11
KY,NJ,963,1340
IA,MT,189,258
NH,ME,2551,3548
KY,IL,4925,6771
NH,WY,33,40
AR,UT,274,378
NM,KY,87,115
MI,MD,2020,2604
ND,MD,70,101
VT,UT,67,94
CO,WY,3820,5445
DE,MA,468,631
WA,AR,349,478
KY,TX,3477,4920
CO,NJ,1761,2407
AL,UT,589,870
NJ,WI,1056,1447
TN,KY,10877,15658
MI,IN,12044,16758
SC,MN,870,1146
RI,CT,1246,1718
FL,ND,283,405
ND,GA,133,181
UT,GA,1050,1424
SC,MS,1114,1514
ID,IN,174,240
IL,NE,2869,3705
SC,VA,7616,10749
FL,MN,3432,4556
ME,CA,741,1048
WV,SC,1080,1444
MO,WI,2211,3055
MS,MI,333,462
MS,LA,8449,12658
WI,DE,130,177
CT,CA,3288,4689
WA,TX,5796,7914
TX,MA,6915,9411
ME,MN,185,230
VT,MO,80,101
MA,KY,720,898
TN,MA,2064,2784
SC,GA,19700,28779
OK,SC,430,556
CO,KS,3484,4594
MA,NM,238,304
TN,IL,7074,9776
LA,MD,565,713
AR,NV,345,481
NH,KS,88,102
CO,TX,14053,20425
LA,MN,379,489
NV,LA,478,693
DC,ME,128,169
SD,OR,96,133
MS,NM,159,239
NH,TX,1083,1482
ND,ME,21,24
ND,WY,166,227
IA,ID,169,245
ND,OR,75,98
ID,WI,187,271
KS,WI,939,1294
MI,NH,345,445
MS,NY,738,1008
CA,WV,282,354
VA,TX,10000,13744
WA,LA,861,1132
MT,NM,110,139
NM,IL,522,651
CA,MO,3958,5020
MD,MT,146,194
KS,PA,1209,1700
GA,MN,2576,3421
FL,WV,1008,1305
NY,FL,22396,31668
GA,CA,13009,19281
NV,NY,1100,1562
MI,MT,240,320
AZ,KS,685,894
WA,KY,539,681
MA,FL,9340,12874
MT,MI,109,141
NM,MA,197,270
NC,KS,1112,1437
DE,TX,611,843
SD,AL,84,115
PA,WV,4208,5840
NE,ID,151,226
FL,MO,4542,6001
DC,AL,276,366
WA,NM,654,848
UT,NH,95,129
PA,MO,2520,3223
CA,SC,1771,2361
CT,IA,237,306
OH,GA,9294,12577
CO,VA,3576,4787
MI,MI,46195,65556
FL,AZ,5224,7175
PA,AZ,2720,3694
MO,MA,1423,1871
NH,PA,1622,2274
VT,RI,223,269
MD,MI,1252,1674
NM,CT,52,76
CA,OK,2031,2641
CT,CO,760,987
NC,FL,27703,40837
DE,FL,1363,1922
OH,FL,19437,28210
OR,NV,1035,1366
CO,PA,2855,3807
VA,SD,272,395
ME,WY,30,34
DC,KS,66,82
TN,SC,5658,7799
PA,WA,1777,2461
FL,OK,1996,2698
SC,OK,613,871
NJ,WA,1141,1540
NV,IN,294,419
RI,MD,439,568
KY,SD,157,212
NH,OH,735,978
CT,WY,49,62
AL,GA,19605,28489
NJ,NC,6309,8418
LA,FL,7236,10324
NE,SC,271,386
CA,DC,3984,5085
DC,IL,1015,1273
KY,CT,309,393
AR,ME,73,101
AL,FL,15763,23083
TX,MO,10483,13937
MT,AL,55,76
NY,TX,8541,11746
DE,CT,340,415
VT,CO,160,234
GA,KY,5040,6668
MA,TX,4692,6183
VT,PA,503,653
KS,UT,499,702
TX,WV,974,1318
NC,GA,27517,38799
NC,CT,2040,2695
SD,MI,135,177
AR,KY,854,1215
PA,DC,4170,5219
ND,MA,72,90
OK,ND,222,330
OH,MS,1067,1479
ME,FL,1327,1894
AR,CO,1056,1380
GA,MI,2929,4149
FL,NC,19275,26435
OH,MN,3276,4289
NJ,NY,18733,26283
NC,MS,1836,2445
OR,MT,654,915
OR,NH,71,91
PA,NC,10344,13779
NM,VT,15,18
OH,CA,10986,16352
WY,AZ,312,426
NJ,NE,303,370
MT,MD,85,118
UT,AZ,3219,4526
WV,OH,4537,6259
ME,GA,463,590
RI,OK,53,66
PA,NE,586,737
NV,KS,225,322
RI,AZ,129,170
ME,NY,2176,3042
MO,IA,4636,6489
CA,NC,5320,7004
SD,ID,71,90
MN,MI,2439,3375
WY,OK,141,183
PA,NY,25781,37241
WV,ND,17,24
AL,ME,207,286
KY,NY,2184,3057
WY,MT,1039,1345
NH,RI,880,1117
IL,AL,3018,3991
CT,KY,439,562
CA,AZ,23951,32063
KY,NE,289,384
WY,NH,16,25
IA,TN,1701,2313
TN,OH,6153,8597
TN,ND,138,185
CO,RI,234,285
AL,CO,1674,2299
DE,CO,159,203
WA,RI,146,171
MN,WV,137,175
MN,SC,877,1171
WI,ID,307,405
AZ,NC,1650,2215
AZ,SD,278,365
AL,WY,136,196
AZ,WI,1033,1432
WV,NV,105,142
AL,MD,1300,1747
AL,MS,7486,10992
AR,FL,3160,4443
VA,RI,781,998
DC,AZ,334,411
AL,NH,156,208
IN,NV,966,1289
CO,IN,1649,2185
GA,NC,22489,31729
DE,MN,133,183
NC,PA,10478,14313
ME,AL,124,181
NC,ND,221,345
IL,TN,11164,14932
MO,OR,716,947
NC,OH,7498,10218
DE,OH,555,751
ND,ID,64,76
KS,NC,1071,1474
AL,MN,622,827
WY,AR,39,46
OH,SC,5473,7336
ME,OH,406,542
TX,MI,4765,6643
NY,KY,1767,2322
OK,TN,1747,2340
NY,NM,460,603
NV,AZ,3577,5220
WI,NH,223,268
RI,AR,45,59
AR,GA,1958,2698
VA,VA,77644,112578
ME,ND,16,22
CO,MD,1842,2396
IN,VT,138,162
RI,NM,17,19
OK,VT,43,51
NM,TX,6051,8721
WY,KY,35,46
NC,SC,37774,54597
WI,MO,3256,4270
NY,WY,199,280
NV,WA,1372,1939
WY,IA,99,126
MD,NV,962,1329
WA,IL,3291,4251
WA,MA,1482,1896
NY,IA,673,880
NH,IL,855,1116
OR,TX,2521,3494
AR,MS,3225,4492
GA,GA,75208,114030
KS,RI,98,124
WA,NJ,1153,1501
TN,AZ,2176,2938
VT,KS,31,41
CO,IL,5848,7678
MA,OR,606,759
MI,NV,1328,1819
AZ,IN,1006,1302
MA,WY,81,105
KS,IA,2767,3874
VT,DE,40,43
IN,KY,10614,14801
NH,CT,2204,3034
GA,TX,15807,22684
SC,MD,2252,3102
AZ,DC,705,883
FL,MD,6475,8669
DE,KY,147,198
IA,MO,5262,7030
ME,AZ,226,319
LA,OK,1077,1485
PA,DE,3241,4368
SC,DE,237,298
NV,VA,702,957
KY,DC,531,655
MN,MO,3785,5035
CT,IL,2105,2653
OH,WY,280,370
MS,PA,548,753
GA,TN,22077,30951
LA,AZ,646,864
IN,NM,305,380
ID,OK,177,219
OH,OR,1134,1495
NV,PA,592,801
NM,NY,437,649
NV,WI,282,367
LA,ID,80,94
DC,IN,190,247
DC,SC,409,528
WV,AR,85,113
DE,ME,97,128
AR,MN,576,767
IL,NM,744,1013
GA,MS,5148,7145
CO,AZ,7329,10136
MO,IN,4648,6443
AR,CA,2055,3099
CA,ND,348,459
TN,OK,1299,1761
TX,ID,1278,1713
KS,VA,1096,1546
NE,MI,423,595
WI,WV,200,252
TN,ID,306,388
ME,SC,305,390
DE,UT,97,123
NC,LA,3363,4616
CA,DE,446,534
IN,AR,934,1218
CT,MA,9089,12552
AR,TX,9930,14358
WA,SD,326,406
MI,SC,2429,3292
SC,NH,271,340
AR,KS,1786,2381
NH,NC,885,1156
NH,NE,80,103
AZ,UT,3898,5304
ND,SC,67,90
FL,NH,963,1259
MD,WV,1532,1914
NJ,MD,9129,12353
CA,MD,4177,5250
WV,WA,111,145
MA,MN,1301,1608
CO,NC,2584,3466
SD,MO,508,682
ME,IL,442,591
NV,RI,53,64
CO,SD,1273,1680
MS,VA,912,1194
SC,MT,132,197
WY,NV,229,304
MA,MS,227,312
KY,WA,556,761
NH,NY,3952,5729
SD,WV,10,13
AR,NY,1134,1561
KY,WI,957,1269
GA,ID,355,472
DE,PA,3051,4129
WA,TN,1201,1591
WI,AL,1020,1392
ME,RI,491,661
SC,MA,1582,2131
AR,SD,148,205
MN,OK,981,1315
MO,CO,3820,5188
MI,OR,798,1029
WA,MO,1323,1653
LA,ND,99,143
ID,WY,609,831
MT,WV,23,31
DC,DC,1207,1687
TN,KS,1037,1438
MN,AZ,3102,4153
MO,WY,342,433
AL,OH,2008,2761
ND,WA,198,270
LA,OH,777,1024
WA,WV,121,154
ID,OR,1947,2763
WV,WI,108,147
NC,IA,1206,1572
MD,ID,164,207
MO,KY,3067,4190
AZ,ME,169,224
KY,VA,2380,3466
OH,OH,92652,133419
CT,CT,8569,11725
MI,ID,231,311
IL,WV,708,908
ID,ID,6997,9957
SD,AZ,342,450
CA,NE,1428,1844
KY,PA,2407,3379
IL,MO,17769,23505
NJ,MA,8590,11437
UT,WA,2052,2899
KY,RI,135,165
AZ,IA,640,861
SD,OK,156,199
NC,RI,697,889
MI,OK,790,1058
AL,RI,129,160
AZ,CO,5548,7765
VA,IA,676,891
VT,FL,546,756
VT,GA,181,232
MO,ME,265,360
IL,SC,2632,3537
NH,IN,271,364
DE,CA,741,1036
NC,AL,5201,7226
CT,FL,5640,7978
KS,DC,472,595
WI,PA,2702,3665
AL,AL,43890,66407
NJ,NM,217,277
KY,OH,9671,13885
CT,NY,11359,16714
SC,AR,766,1090
NE,TN,786,1111
NY,IL,8425,10917
NY,MA,17565,23536
OH,MD,4962,6586
FL,KY,4453,5945
MN,LA,984,1282
AR,WY,90,121
NM,MN,196,248
WA,IN,751,976
IN,CT,628,849
AZ,RI,173,229
GA,DC,2482,3276
MA,MA,22521,30283
OH,ND,289,415
UT,ID,3999,5929
KS,NE,3459,4690
MA,IL,4300,5611
DE,MS,41,45
WY,TX,602,859
NE,MO,4266,5708
NE,WV,61,91
NV,DE,39,47
AL,CT,283,354
NM,PA,235,332
AZ,KY,648,814
NY,TN,3632,4843
MS,VT,31,40
MD,OK,516,671
MA,KS,238,300
VA,NM,955,1253
NM,VA,633,814
MD,AZ,1636,2222
MS,CA,1263,1795
UT,OK,472,636
ME,NC,558,738
CT,SD,69,86
MA,TN,1810,2334
MO,LA,1975,2754
TN,IN,4825,6643
NV,FL,1952,2945
OH,NE,902,1174
DE,NC,1012,1402
NH,OR,123,152
SC,SC,46083,69378
PA,SC,4680,6151
UT,MD,652,819
NC,NC,116911,174925
OK,MI,406,568
OH,NY,12257,17170
RI,NH,850,1106
SD,NH,15,16
MN,VT,157,196
WI,AR,714,985
AL,NE,259,319
OH,SD,400,526
CT,LA,455,590
IN,ID,221,285
NC,NE,678,898
OH,NC,10560,14486
NV,GA,674,888
RI,MT,12,19
VT,LA,53,65
NM,MS,73,98
WY,UT,1829,2454
MN,NJ,1656,2253
NM,OH,261,367
NY,KS,492,648
TX,TN,13051,17451
WA,WI,742,1032
OH,AL,3488,4722
CO,WI,1651,2206
MS,KS,226,298
OR,PA,717,972
PA,AR,795,1045
MS,MD,371,553
IN,FL,9039,13206
TN,TN,59428,89037
TN,VT,163,210
GA,LA,5907,8352
OR,OH,641,844
FL,AR,2003,2764
TN,MO,5080,6937
DE,AL,137,183
TN,WV,906,1275
MI,NM,388,504
CA,AR,1375,1758
DE,GA,552,720
VA,NE,560,697
CT,OR,249,342
SC,TX,5048,7389
AR,AZ,585,781
OK,KY,513,671
WA,OR,15696,21100
MD,NM,568,761
GA,NJ,4381,5980
MI,LA,1460,2006
ID,KY,139,187
SD,LA,104,145
OR,RI,58,67
MD,LA,1624,2181
MS,IN,464,635
CO,OR,2271,3050
NJ,AR,467,601
WA,PA,1424,1885
NY,IN,2294,3033
MA,IN,1105,1407
NC,NY,12300,17095
ME,AR,77,104
SD,UT,145,194
MO,MI,1867,2519
IN,CO,2124,2862
WA,VA,1855,2382
ID,NM,216,297
AR,ID,82,100
CT,WA,509,679
WI,SD,953,1294
IL,PA,7579,10332
OR,CT,148,186
AR,IL,2049,2879
WV,IA,51,62
ID,AR,90,126
LA,SD,75,96
MD,NJ,6719,9022
KY,NC,3364,4685
ME,WA,163,235
WV,NM,49,68
FL,TX,22002,31804
SD,NJ,66,85
IN,ME,325,453
IA,KS,2785,3718
OK,AR,5107,7192
MA,NC,3577,4609
NE,AZ,1074,1435
KS,CO,3857,5220
MO,MS,2006,2735
ID,MT,1492,2369
KY,KS,519,697
GA,RI,492,627
NV,NE,193,260
MS,NC,1234,1741
MI,AL,2146,2968
WA,UT,2535,3390
ME,IN,153,194
WI,TN,3137,4129
AZ,MD,1080,1377
WY,CO,3622,4927
NY,SD,231,300
AZ,CA,30219,46795
AZ,MN,1689,2268
MA,SD,106,138
FL,NV,3466,4769
LA,VT,28,33
KS,WY,276,354
OK,MT,160,210
ID,MA,219,282
MO,NJ,1318,1778
DC,MD,1462,1959
ME,DC,230,275
DC,DE,160,192
UT,DE,71,96
CT,DC,1104,1406
NH,VA,1152,1518
CO,CO,38610,53837
NY,WV,1066,1368
NE,ND,419,588
ND,DE,8,12
CA,WA,15332,21036
ME,NE,58,76
MN,NH,248,312
NY,MO,2022,2586
DE,NY,1486,2037
VT,WY,17,24
CT,ME,1966,2637
IL,ND,643,859
VT,IA,41,50
MO,IL,13275,18248
NH,WI,226,298
VT,OR,52,69
AL,NY,1949,2710
OH,CT,1702,2212
NC,SD,311,471
MN,MT,681,895
SD,DE,22,28
VT,ME,720,963
ID,TN,288,369
SC,ND,99,150
MS,WY,60,82
MS,CO,595,816
VT,IL,283,364
DC,WI,138,172
NV,OR,862,1209
MD,VT,352,439
MI,WV,860,1131
MA,PA,7112,9394
GA,NV,2025,2721
VT,MA,2209,2928
PA,MD,18139,24757
AR,MD,318,405
MI,MO,2747,3643
KS,MN,1783,2386
ID,MO,293,379
MD,TN,2475,3180
NY,CO,2672,3526
MA,CO,1588,2052
AR,VT,35,44
MT,AR,46,64
NV,WY,195,268
KS,MS,527,712
OH,WA,2217,3040
PA,ND,162,216
ID,WV,33,47
NC,UT,1478,1957
CT,MI,672,901
NE,CO,3818,5354
ND,TN,147,196
MS,WI,226,313
AL,ID,118,153
ME,OK,76,112
FL,UT,2365,3213
ND,WV,16,19
MI,TN,6467,8733
OR,SD,107,144
TX,VA,10479,14058
OR,NE,246,327
MN,IN,2572,3299
MA,ND,54,66
NE,IA,5565,7980
OR,NY,1347,1817
DE,ID,20,27
WY,CA,514,811
KS,MD,576,751
WY,MN,134,164
VA,UT,1256,1665
NM,NC,223,283
NY,PA,27993,38469
RI,CA,657,911
KS,DE,73,84
NC,WA,2289,3244
NY,LA,2157,2935
VT,MN,91,119
CT,OH,1672,2157
OK,NV,496,664
MO,FL,7533,10681
CT,MN,615,763
UT,NM,888,1269
IL,NJ,4296,5928
AZ,GA,2007,2644
DE,SC,450,632
NH,DE,139,178
MA,LA,943,1242
VT,MS,24,27
AZ,FL,4760,6673
KY,IN,7703,11170
VA,FL,18644,26655
SC,ID,123,171
NC,WI,2259,3027
MO,NY,3175,4277
NV,OK,330,469
MS,UT,153,217
AL,SC,2905,4018
MA,UT,642,831
FL,ID,462,604
CT,MS,125,154
VT,ND,7,9
CO,DE,209,285
DC,AR,84,100
SC,AL,3289,4637
GA,CT,1489,1978
MT,OK,122,167
MA,RI,2962,3661
NH,MA,5778,7768
KS,CT,232,311
DC,WY,22,31
MS,KY,830,1136
MS,ME,67,93
LA,DE,50,61
NM,DC,253,318
TX,NM,11592,15990
NY,RI,3032,3908
PA,AL,1642,2137
CT,KS,154,205
IL,AR,2406,3311
SD,NV,138,189
DC,OR,181,225
ME,DE,102,126
CA,AL,1879,2499
CO,MA,2385,3120
MT,MO,170,219
NE,MT,192,272
SC,MI,1348,1885
SD,AR,85,117
AL,ND,79,101
NM,IN,129,168
NH,MD,762,960
NY,NJ,18639,25930
NC,VA,31593,45748
IN,MN,2317,3150
MT,TN,169,222
NJ,ID,152,204
VT,AL,41,51
MA,NJ,6798,9250
VA,CO,4035,5435
DC,WA,288,374
KS,MA,663,879
GA,NE,687,859
IN,CA,5469,8302
GA,SD,333,468
TN,DE,247,353
NC,OR,1228,1666
CT,GA,1686,2205
MD,AR,361,466
OR,IN,365,496
DE,ND,8,10
MO,KS,8762,12216
ME,UT,112,140
OR,AR,174,225
IN,MI,8058,11758
AL,WA,706,1015
SD,MT,273,372
NJ,SC,2852,3688
CT,NJ,4552,6325
VT,NJ,485,636
MN,NV,1175,1580
NC,DC,3847,4963
AZ,TX,10476,15204
GA,VT,360,459
OH,DC,2094,2648
DE,DC,382,467
WA,IA,445,560
SD,VT,4,5
KS,FL,3418,4880
OK,MO,4684,6209
AL,KS,444,575
WV,WV,7032,10312
NC,DE,1056,1346
AL,DE,127,154
TN,MI,2499,3593
GA,FL,47014,69919
NE,AR,389,529
OR,UT,1242,1590
WV,TN,1273,1710
OK,WV,175,237
KS,GA,1596,2193
WV,MO,211,276
NM,UT,526,686
AR,IN,793,1080
KS,NY,1663,2328
AZ,SC,597,747
VT,IN,70,101
VA,PA,16156,21806
LA,MT,80,113
ID,MD,177,223
DE,IL,456,612
IN,TX,5729,8428
NY,GA,6129,8051
NH,WA,266,340
NE,OK,909,1212
OH,MA,4347,5852
MA,GA,2890,3739
CO,UT,6477,8762
ID,NH,25,33
VA,VT,495,601
MO,MN,2917,3826
OH,IL,18031,24895
MI,ND,230,278
DE,KS,49,64
MA,CT,8176,10953
OK,DE,64,73
NJ,AL,784,980
ND,ND,4242,5833
MS,IA,166,214
NC,IL,8206,11100
WA,NE,477,581
CO,NE,3682,4771
CO,DC,1281,1599
FL,MT,558,748
AL,MA,828,1138
NJ,NH,965,1188
NC,NJ,6426,8911
WA,DC,981,1202
MD,MO,1296,1675
WV,OK,110,149
MT,ID,1051,1451
OR,NM,379,528
DC,ND,15,16
ME,MD,451,571
SD,ND,984,1489
MO,WA,1605,2229
WV,CT,145,206
VA,WY,206,271
AZ,OR,2075,2824
MN,UT,1113,1439
PA,MI,4125,5639
NJ,MI,1572,2243
UT,AR,188,235
CO,AL,1212,1650
AR,NC,988,1342
ND,AZ,301,410
FL,NM,1232,1726
TX,MT,1041,1385
VT,NY,2151,2951
AZ,WY,274,373
TN,MT,265,373
CA,NM,3677,4868
RI,TX,508,690
MD,SD,160,223
IL,CA,17038,24841
DC,OK,112,141
AR,NE,435,576
IN,MS,765,1024
PA,NM,421,547
NE,VT,18,22
NM,WI,109,129
NM,RI,26,30
MO,OK,4724,6643
MD,DC,3645,4561
AR,DC,311,420
TX,VT,430,540
WY,KS,117,158
OR,WI,403,581
NV,MD,376,520
RI,WV,34,42
AZ,ID,831,1093
NE,CA,2208,3298
IN,GA,4893,6690
WY,TN,96,125
GA,UT,1650,2215
SD,TX,678,1018
WI,IA,4286,5823
MS,MN,259,329
CT,NC,2252,2950
OR,VA,669,868
NE,NV,360,453
MO,AZ,2196,2892
NV,NH,40,50
RI,MO,136,195
MA,DE,626,818
VA,CA,12250,17747
MS,IL,1224,1701
IA,IA,21192,30005
WI,MT,288,397
AZ,OH,1760,2371
CT,IN,613,817
DC,ID,45,58
GA,CO,3857,5240
IL,TX,15513,21698
IN,TN,8456,11348
TN,AR,5146,7513
MN,KY,1296,1722
GA,WY,273,349
VA,MS,1006,1335
MO,RI,159,210
OH,DE,733,889
AZ,ND,183,237
NV,MA,384,537
MO,OH,3735,5017
VA,MN,1654,2109
RI,ID,13,18
GA,ME,743,1066
DE,MD,2422,3352
TX,AR,13291,18022
MS,MA,284,412
KY,MN,890,1194
MA,NE,227,272
AR,WI,367,490
IA,ME,118,169
LA,WV,153,217
WI,NV,848,1070
AZ,MS,342,465
VA,CT,2074,2666
RI,KY,82,112
LA,MO,1019,1363
RI,MI,133,175
AR,RI,61,74
NM,KS,351,468
MA,ME,5972,8070
LA,TN,3240,4345
WY,ME,18,34
NC,IN,3587,4832
NY,DC,4983,6350
AR,OH,860,1180
WV,MT,35,43
IL,UT,1696,2193
IL,LA,3194,4477
ME,WI,195,275
MS,DC,307,382
MO,GA,3805,5312
MA,DC,2116,2686
OR,VT,68,83
DE,IN,171,214
OR,TN,526,697
MN,AR,802,1134
KS,ME,145,201
WV,NH,36,45
WY,LA,85,104
VT,VA,376,457
KS,WA,909,1268
OR,CA,11238,16591
UT,MI,471,659
SC,AZ,1097,1493
IA,AR,471,660
VA,NY,13783,18986
IA,NJ,491,714
MD,KY,1141,1468
ND,MI,79,106
MT,MT,9004,14037
SD,NM,97,136
IA,VT,88,105
IL,VA,4839,6525
MN,CA,8616,12570
FL,TN,13692,18516
MS,GA,4248,6089
WV,MI,255,358
KY,MI,2175,3183
CA,TN,4486,5962
MN,OH,3207,4376
MT,ME,31,45
MO,MD,1359,1825
DE,NE,41,55
VA,KS,708,917
WV,KY,1668,2266
CT,OK,213,267
OK,NM,1347,1795
WV,ME,63,90
IN,DC,821,1042
SC,MO,1204,1618
DC,NH,87,111
AZ,IL,3792,5094
PA,TN,5046,6687
IL,WI,17432,24428
WA,ME,205,289
ND,MT,400,538
TX,CT,2071,2740
OK,LA,2002,2802
MT,IA,110,154
VT,WA,84,119
AZ,MA,1254,1757
ID,NJ,180,241
MT,CO,1106,1536
GA,DE,484,619
DC,MT,56,75
KS,SC,491,644
TX,NV,5894,7851
MD,UT,717,965
OR,IA,190,237
NC,MA,5179,6906
WY,IN,66,88
WI,NM,298,395
WA,CO,3261,4265
TN,NV,1323,1825
MS,MS,21750,33831
MI,UT,952,1242
TX,CA,41923,61968
SC,WV,866,1116
VA,MA,4633,6153
AR,WA,382,547
IN,NC,3280,4498
ID,MI,166,216
SC,TN,7301,10286
OR,OR,16219,22354
IN,SD,379,516
GA,KS,1187,1537
NM,FL,884,1222
WY,VT,9,11
OR,GA,728,975
MS,SC,655,897
NV,MO,484,655
IL,VT,304,368
WA,CT,360,453
IA,TX,3106,4468
RI,VT,330,407
MA,SC,1452,1836
IN,IA,1843,2515
MT,NV,345,471
AR,MA,361,471
OR,FL,1567,2184
NH,AL,152,189
AZ,NE,700,872
CA,MI,2955,3953
MO,DC,890,1104
ME,ID,42,54
WA,MS,236,316
DE,OR,39,45
IN,RI,219,270
VA,DC,6483,8362
IA,KY,853,1141
IA,MI,949,1324
KY,MS,939,1299
MN,NM,449,567
CO,SC,966,1245
IA,NM,214,283
WI,CA,5398,8059
AR,OR,163,219
NY,NE,478,574
NM,MD,309,397
VT,WI,60,70
MS,TX,5214,7865
IA,LA,535,765
VA,GA,9482,12665
DC,MA,597,783
LA,CA,2532,3733
LA,NV,394,510
MT,NH,10,11
VA,AZ,2746,3807
OK,DC,388,493
KS,IN,1232,1644
NY,OH,9235,12494
OR,ME,93,124
VA,IL,6053,7922
SC,VT,177,226
LA,LA,36303,53211
OR,WY,244,297
GA,SC,18218,25657
OR,CO,1566,2062
IL,CT,1520,2009
WI,LA,999,1375
WA,NY,2895,3886
WI,KY,2188,2902
MS,ND,33,43
AZ,WA,3181,4378
AZ,AZ,36718,52269
LA,NM,337,471
WA,FL,3909,5370
RI,NV,72,87
MS,RI,63,88
KY,ID,112,144
MS,OH,564,817
DE,WI,87,150
NM,GA,307,389
VA,NC,25704,36214
KY,FL,6442,9496
MO,NE,3217,4409
NJ,OK,359,489
WA,MN,1391,1836
NY,UT,1256,1667
MN,TN,2492,3371
MO,NC,2506,3421
NC,WY,249,333
NJ,AZ,1857,2447
GA,IL,8424,11432
PA,ID,252,309
WY,NJ,47,66
GA,MA,3812,5095
PA,OK,921,1242
MN,TX,6619,9390
NV,WV,30,35
KS,OK,5320,7357
MI,AR,819,1152
CO,OH,2778,3758
ND,AR,43,51
WA,OH,1300,1689
CO,ND,875,1342
MT,VT,12,12
NH,ND,19,22
WA,GA,1767,2320
MI,TX,7517,10631
MD,TX,5604,7629
DC,WV,142,178
VT,NC,259,320
CT,NE,113,146
OK,SD,219,289
KS,KS,15949,22774
TN,AL,13813,19908
NM,OR,217,258
DC,MO,286,358
WI,ME,340,666
RI,TN,229,291
MA,OH,2563,3391
SD,TN,195,243
DC,TN,415,511
ID,TX,1272,1765
MN,FL,6897,9729
TX,IA,2804,3661
UT,TN,782,1102
DE,AZ,241,339
WI,UT,763,1020
SD,CA,573,835
NC,OK,1163,1580
MO,SC,1110,1518
MS,OR,127,172
NY,MN,1989,2526
ND,MO,219,270
KY,AZ,843,1119
NE,KY,425,577
OH,OK,1544,2056
NC,AZ,3117,4179
GA,IN,3327,4539
AL,OK,920,1285
PA,NH,1213,1553
UT,VT,64,86
MT,SD,447,599
OH,ID,350,441
WY,OH,82,115
OR,DC,405,494
DC,NV,193,292
OK,TX,23542,34889
AL,AZ,1267,1812
KY,OK,525,716
KS,MT,212,294
WY,MS,28,33
MN,OR,1037,1381
MN,WY,399,532
RI,FL,1297,1862
FL,OH,7905,10809
NC,MD,9166,12442
KY,MD,1089,1454
MT,DC,115,148
KY,DE,150,186
FL,CA,19236,29173
IA,PA,865,1156
NY,NY,95050,140337
IA,CO,2035,2785
MA,NY,19461,27443
MN,IA,6917,9472
IN,KS,1021,1313
GA,VA,9656,13256
IA,RI,75,103
GA,WI,2201,3035
MO,ND,297,428
TX,TX,336400,516115
TN,TX,11277,17081
AL,WV,201,280
MI,RI,336,420
AZ,AL,751,950
IN,SC,1801,2388
FL,CT,2911,3832
CA,CT,1527,1993
CO,MO,3570,4762
ID,MN,338,438
MD,IA,411,564
SD,IA,1294,1771
DC,KY,198,256
KY,MT,135,176
RI,ME,744,1020
MD,OR,573,692
OK,PA,1029,1435
AL,TN,14679,20630
SD,CO,1110,1500
NV,AR,147,205
SC,SD,118,166
DC,NM,167,234
UT,ME,97,133
AZ,NH,158,213
AL,VT,69,91
ID,MS,52,66
IN,IN,34776,50560
CT,ND,36,42
ND,KY,61,78
UT,CO,3844,5509
NM,NH,25,30
MO,MO,35053,49399
MD,IN,1352,1803
MN,VA,1863,2440
PA,VT,1004,1250
MN,WI,10588,14815
NM,OK,644,843
CA,MT,1137,1513
UT,NV,4545,6516
RI,GA,362,461
LA,UT,323,445
IL,NY,10930,14978
TX,KY,4586,6103
VA,DE,2395,3098
NM,WA,370,479
WA,NC,1414,1877
WY,CT,22,30
PA,MT,243,336
NM,AZ,3466,4747
OR,WA,9877,14269
IN,IL,18358,25734
WY,GA,103,139
MO,WV,349,458
CA,NH,575,696
NY,MS,445,581
GA,OR,1206,1642
NV,MI,319,435
CT,MO,547,717
MD,VA,19241,26447
ND,CO,529,687
MI,PA,6034,8286
ME,NV,84,136
CA,NV,21004,29235
DE,MT,16,18
PA,NV,1489,2000
WI,VT,156,204
NY,NC,8647,11485
IL,WA,3138,4265
CO,TN,2517,3369
MI,VA,3163,4267
VA,AL,2932,3834
MT,UT,973,1305
NV,NM,619,855
MI,WI,4586,6382
PA,CT,4738,6315
NM,DE,9,11
MO,AL,2175,2964
VT,SC,133,175
CT,WV,154,189
NE,TX,2727,3865
ID,VA,345,471
KY,NH,105,135
FL,GA,42426,60150
CO,WV,235,324
ID,PA,328,438
SD,WY,397,580
MD,WI,781,1002
RI,WY,9,10
NC,MT,333,440
ND,IA,284,375
WY,NC,82,111
WY,DC,57,68
IN,PA,4117,5761
NJ,SD,112,159
LA,GA,3318,4806
UT,KY,413,534
OH,MO,4788,6499
NY,WA,1758,2410
OK,OH,997,1302
WV,MN,125,158
WA,MD,933,1157
WV,CA,439,620
DE,NV,110,140
MN,MA,2211,2990
MA,OK,342,427
MN,IL,10417,13854
KS,AZ,1339,1761
RI,LA,133,168
FL,CO,6310,8707
ID,GA,312,416
KS,ID,184,244
OK,RI,64,73
OH,WV,5648,7819
CA,SD,489,633
WA,DE,88,108
NM,MT,58,69
FL,SD,549,740
TX,UT,4819,6393
MA,WA,1011,1338
SC,DC,1054,1410
AL,MO,1611,2065
SD,KY,126,167
MT,CA,1344,2085
FL,DC,3950,5182
RI,NJ,961,1290
WA,NH,151,199
MA,AZ,1485,1911
SC,UT,490,657
NH,MT,58,82
NY,OK,664,874
OK,CT,177,240
CA,ME,585,775
NH,NH,3151,4046
WV,MS,94,129
SC,LA,1645,2341
KY,NV,543,736
FL,ME,1268,1773
SD,MA,98,133
WA,MT,2751,4149
MO,AR,5155,7227
MT,MS,27,31
RI,IL,471,563
NY,AZ,2809,3701
CO,NH,252,300
SD,IL,643,871
IN,ND,211,312
FL,NJ,8066,11247
TX,MN,5705,7596
UT,TX,3549,5169
TX,OH,9053,12226
WV,NY,748,1049
NJ,LA,1281,1716
NJ,UT,711,920
ME,MI,152,196
LA,ME,91,125
ME,LA,190,259
OK,NE,613,805
NY,DE,2440,3097
CA,NJ,5133,6836
UT,KS,366,474
TX,MS,7918,10563
NY,MD,9970,12909
MA,MD,3363,4253
PA,LA,2089,2845
ID,DC,158,201
LA,KY,675,898
ME,KY,118,157
IN,NY,3566,5013
ME,NM,61,74
MT,FL,459,661
LA,CO,1092,1434
ID,NC,251,328
ND,TX,665,966
MT,GA,189,245
WV,GA,656,880
VA,ID,368,490
ID,SD,144,190
CA,LA,3805,5224
MD,NC,8548,11399
NE,MN,2206,2956
NE,OH,711,1077
OK,NY,1020,1416
DC,TX,1195,1507
LA,OR,217,277
FL,LA,8790,12455
AR,NM,328,426
NJ,DC,3081,3811
IL,MD,3077,3986
NM,NV,701,974
LA,WY,130,190
ME,ME,8104,11679
SC,NJ,2015,2848
WI,CO,2283,3097
NE,MS,156,207
OH,KY,17028,23290
MT,OR,455,605
UT,SC,321,469
TN,CT,675,909
LA,MA,468,635
TX,GA,14687,20391
PA,KS,775,1002
MN,MN,35001,48301
FL,KS,1488,2023
MT,WY,850,1246
CA,KS,1351,1741
MN,ND,5050,7003
IA,ND,429,602
KS,MO,10251,14476
RI,WI,96,124
DE,NM,34,46
MO,UT,896,1216
OK,WA,710,1029
WV,DC,333,420
KY,NM,190,267
TN,RI,288,357
NE,CT,150,201
OH,CO,3756,5017
NJ,NJ,21615,30365
NC,MI,3271,4599
PA,NJ,15426,22619
TX,AL,9196,12358
NE,GA,732,986
NY,MT,234,316
GA,MO,3336,4428
AL,KY,2872,3863
WV,NC,2227,3019
ME,NJ,775,1028
KS,TN,1765,2389
IL,FL,18369,26130
KS,VT,52,60
MS,AL,8112,11444
IA,SC,387,525
OH,IA,1753,2308
MA,MT,117,153
OH,ME,688,958
ID,LA,202,282
GA,WV,809,1081
ID,UT,5086,7076
NY,NH,2250,2848
MS,NH,42,58
NC,KY,4694,6350
KS,WV,151,186
CT,AR,202,253
MA,NH,5499,7059
RI,IN,115,150
IL,OR,1520,2035
WI,MA,1410,1880
IA,AL,527,718
ME,KS,70,87
NM,MI,97,138
WI,KS,967,1329
MN,MS,396,502
ME,TX,688,948
OH,AR,1284,1667
NM,NM,10873,15596
DC,MN,304,381
RI,OR,76,103
RI,VA,688,919
ND,OH,147,207
CT,TX,2424,3264
TN,NY,4747,6658
ND,MN,4469,5925
SD,MN,3747,5089
ND,MS,24,31
WV,AZ,157,199
IN,WA,1135,1646
DC,PA,1402,1847
OR,MI,368,489
TN,NE,625,853
WA,ID,4258,5811
NE,ME,60,73
ND,AL,57,73
CA,IN,3054,4122
DC,MS,122,159
ID,DE,15,17
MT,IL,314,400
MI,MN,3047,4029
MD,MN,1063,1376
UT,OH,902,1210
AL,TX,6754,9984
SD,OH,204,296
MO,CA,6568,9558
SD,MS,37,56
UT,PA,914,1254
UT,RI,69,84
AR,MT,90,114
UT,ND,147,207
MI,MS,850,1153
PA,IN,4119,5462
IL,ID,516,690
IN,OK,864,1186
AR,NH,49,69
NJ,FL,13399,18598
MD,AL,1338,1740
MT,MA,152,193
KY,TN,11905,16834
NV,SD,108,161
WV,MD,1420,1881
VA,NV,1662,2276
MD,NH,474,612
PA,WI,2056,2816
NV,NC,448,607
SC,OR,403,543
OH,TX,11889,17118
SC,WY,99,130
UT,AL,360,496
MN,NC,2465,3265
SC,CO,1231,1666
DC,GA,784,1102
SD,GA,184,259
OK,KS,4230,5775
NH,LA,174,214
OK,MD,420,535
NC,TX,12599,18042
MD,MS,466,607
TN,WA,1452,2049
ND,CT,33,64
MS,SD,53,74
MA,ID,121,154
NH,NJ,1420,1927
ND,FL,429,586
MI,GA,5251,7123
IN,MD,1479,1981
PA,PA,74593,107457
LA,SC,706,1006
AR,PA,709,954
ND,NY,160,229
CA,RI,618,775
SC,IA,412,527
NY,ID,263,355
NJ,OR,547,706
PA,VA,18096,24832
TX,AZ,12964,17439
WI,SC,1068,1477
MI,FL,11404,16308
IL,MI,12676,17869
PA,RI,1416,1843
NV,DC,286,371
DC,NY,2430,3214
NJ,WY,92,137
VT,VT,1623,2200
OR,MO,531,649
WI,ND,649,849
WV,IN,456,571
ME,PA,990,1357
OR,SC,244,317
SD,NC,177,255
RI,NC,471,632
ME,VA,721,942
DC,NC,1108,1432
NY,MI,2821,3922
MN,ID,419,543
NE,DE,53,80
WA,VT,93,113
OR,WV,51,74
IN,NH,310,383
VT,NV,56,69
UT,NE,537,739
VT,CA,394,559
WI,OH,4241,5812
AR,CT,109,143
MA,MI,1324,1797
IN,MT,232,333
IA,WA,502,711
WY,NM,129,169
NV,UT,2803,3990
UT,NY,1597,2287
CO,VT,216,271
